trial_order,id,condition,RT
0,30917,baseline,251.4464655678381
1,30917,condition_b,218.1178942342113
2,30917,condition_a,483.43068270132886
3,30917,baseline,224.96448144096044
4,30917,condition_b,178.6965159167669
5,30917,baseline,155.61061037044547
6,30917,condition_b,209.15921108301947
7,30917,baseline,261.1494051119823
8,30917,condition_b,480.6165958561514
9,30917,condition_a,430.1786895804631
10,30917,condition_b,226.1570450076976
11,30917,baseline,466.9661104976138
12,30917,baseline,290.47642545671306
13,30917,baseline,584.9631763841312
14,30917,baseline,607.3919555088241
15,30917,baseline,177.2546644810725
16,30917,condition_b,176.84188572553876
17,30917,condition_a,613.9209125512675
18,30917,baseline,319.8846695692612
19,30917,condition_b,325.33708148896727
20,30917,condition_a,299.36487423069167
21,30917,condition_a,763.9964151261162
22,30917,condition_a,572.3735384969535
23,30917,condition_a,282.5626751086417
24,30917,condition_b,172.0164355901774
25,30917,condition_b,191.413389756648
26,30917,baseline,609.2094922587264
27,30917,condition_a,345.5139950048461
28,30917,condition_b,68.6539822775137
29,30917,condition_b,173.89742303975476
30,30917,baseline,632.4242403190444
31,30917,condition_a,585.7467177211452
32,30917,condition_b,377.81751089404406
33,30917,baseline,225.19995947753893
34,30917,condition_b,113.3417556642884
35,30917,condition_a,570.3340060207664
36,30917,condition_a,397.1534032977048
37,30917,baseline,375.66806799706205
38,30917,baseline,433.33390524852376
39,30917,condition_b,153.72176136499957
40,30917,condition_a,140.17140753581597
41,30917,condition_a,352.23989445771656
42,30917,condition_b,282.7641824332153
43,30917,condition_a,192.41307050501192
44,30917,condition_b,110.5486131679271
45,30917,baseline,220.42619131998688
46,30917,condition_b,420.3969558850866
47,30917,condition_a,405.4451094562291
48,30917,condition_b,328.5612895290366
49,30917,baseline,342.6233540531803
50,30917,condition_a,1024.5421365797813
51,30917,condition_b,243.9489146779616
52,30917,baseline,397.8410072206164
53,30917,condition_b,76.9568485917506
54,30917,baseline,386.3032281679604
55,30917,condition_a,513.1219861010626
56,30917,condition_a,465.67195612837287
57,30917,condition_b,234.00301439650752
58,30917,condition_a,640.3202639176034
59,30917,condition_a,309.2281103298787
60,30917,baseline,210.07117857719703
61,30917,condition_b,252.4273612969021
62,30917,condition_a,553.9864173848467
63,30917,baseline,540.3622701200186
64,30917,baseline,191.12511894431196
65,30917,baseline,353.3234546706426
66,30917,baseline,558.5507670719899
67,30917,condition_a,1110.662829082968
68,30917,condition_b,329.2864900182739
69,30917,condition_a,315.4046615773372
70,30917,condition_b,397.8857852754993
71,30917,baseline,478.5764078973908
72,30917,condition_b,255.18768566010164
73,30917,baseline,263.37843045351696
74,30917,condition_b,204.58438241544332
75,30917,condition_b,219.17671281189587
76,30917,baseline,163.16299733261735
77,30917,condition_a,466.5145982179629
78,30917,condition_a,899.8828287558443
79,30917,condition_a,265.8690170423936
80,30917,condition_b,240.92244899497703
81,30917,condition_a,287.2480102672953
82,30917,baseline,115.97386686162778
83,30917,condition_b,91.5361289371699
84,30917,condition_b,135.2435276486074
85,30917,baseline,764.0277395344327
86,30917,condition_a,567.9163453246674
87,30917,condition_a,630.8895461525155
88,30917,condition_a,542.6700977537402
89,30917,baseline,233.1764720364561
90,30917,baseline,562.8654931368377
91,30917,condition_b,128.55185629636648
92,30917,condition_b,149.30427937681847
93,30917,condition_b,67.02263787152629
94,30917,baseline,422.6856464488896
95,30917,baseline,205.01321022452757
96,30917,condition_a,254.11878209180077
97,30917,condition_a,393.81104381899627
98,30917,condition_b,284.90114690104605
99,30917,condition_a,447.8418542505176
100,30917,condition_b,121.887085452072
101,30917,baseline,300.4240948765357
102,30917,condition_b,175.3915253248025
103,30917,condition_a,257.68105369625164
104,30917,baseline,233.21474726518403
105,30917,condition_b,81.67777444475514
106,30917,condition_a,236.8585080087046
107,30917,condition_b,87.51956315433154
108,30917,condition_b,233.0328865204113
109,30917,condition_a,609.114998723301
110,30917,condition_a,514.6533708064795
111,30917,condition_a,902.851653521868
112,30917,baseline,385.6678310347136
113,30917,condition_a,182.03733639210088
114,30917,baseline,182.01911726303803
115,30917,baseline,696.918512597029
116,30917,condition_a,385.1857907862222
117,30917,baseline,796.1564139874907
118,30917,baseline,494.5505615399296
119,30917,condition_b,328.6002994370372
0,76798,baseline,560.4321993640257
1,76798,condition_a,783.5672115580969
2,76798,condition_a,677.7128457252479
3,76798,baseline,385.8001348199318
4,76798,baseline,538.8650660649686
5,76798,baseline,143.90122730612583
6,76798,condition_b,248.20351600400184
7,76798,baseline,582.6824626238326
8,76798,baseline,286.7484869561149
9,76798,baseline,182.27590736089812
10,76798,condition_a,966.8843622730266
11,76798,baseline,469.2402611855638
12,76798,condition_b,396.620376240815
13,76798,condition_b,380.0104839787364
14,76798,baseline,822.0399656335251
15,76798,baseline,270.4103613963461
16,76798,condition_a,444.25087909465935
17,76798,baseline,788.5319297696693
18,76798,baseline,196.7964927579842
19,76798,baseline,368.99385192006633
20,76798,condition_b,733.592588272778
21,76798,condition_b,573.0631950947815
22,76798,baseline,135.54549143384355
23,76798,condition_b,205.900983608012
24,76798,condition_a,410.6599773093466
25,76798,condition_b,400.2338077188968
26,76798,condition_a,358.99870985227057
27,76798,baseline,442.4936955338216
28,76798,condition_b,184.78862005407169
29,76798,condition_b,751.5084098273371
30,76798,condition_b,284.6706129425234
31,76798,baseline,325.6110905771221
32,76798,condition_a,274.66962520262894
33,76798,baseline,239.1560913300145
34,76798,condition_a,771.2954412447306
35,76798,baseline,321.7270740119444
36,76798,baseline,428.2881492464755
37,76798,condition_b,387.95267543449694
38,76798,condition_b,240.06110135635225
39,76798,condition_a,1068.3908414981995
40,76798,condition_b,282.2467933581694
41,76798,condition_b,152.99195729806382
42,76798,condition_a,608.6934511387664
43,76798,condition_a,492.3039376323605
44,76798,condition_a,453.4378977676035
45,76798,condition_b,308.6017870713169
46,76798,baseline,311.9709333474205
47,76798,condition_a,800.1389079804259
48,76798,condition_a,492.967740372949
49,76798,condition_a,481.63270345087983
50,76798,baseline,280.7178809466353
51,76798,condition_b,164.98193262699175
52,76798,baseline,158.38678358032675
53,76798,condition_a,1115.963917069734
54,76798,condition_b,376.9718545677087
55,76798,baseline,1120.500199933521
56,76798,baseline,533.707810775748
57,76798,condition_a,364.69953583708
58,76798,condition_a,301.6379251349872
59,76798,condition_b,459.6603873841709
60,76798,baseline,697.1175244077375
61,76798,condition_b,167.2589758128314
62,76798,baseline,572.3416149643823
63,76798,baseline,337.4910517082906
64,76798,condition_b,184.06188643110627
65,76798,condition_a,674.9398792961314
66,76798,condition_a,970.0631231157992
67,76798,condition_a,398.2881750254281
68,76798,condition_b,698.1194684185848
69,76798,condition_a,957.3083043175036
70,76798,baseline,199.8487954219256
71,76798,baseline,233.9987381073731
72,76798,condition_a,851.0148756469712
73,76798,baseline,572.9838234289767
74,76798,condition_a,673.9243051921213
75,76798,baseline,390.1647318050432
76,76798,condition_b,325.2824178397526
77,76798,baseline,500.9651552807717
78,76798,baseline,336.2321144386934
79,76798,condition_a,371.91041444318085
80,76798,condition_b,214.3715116920045
81,76798,condition_a,938.9800624848332
82,76798,condition_a,350.93001720443414
83,76798,condition_b,165.2033089282339
84,76798,condition_a,1405.0172781368965
85,76798,condition_b,509.82871074278034
86,76798,condition_a,198.0968504175952
87,76798,baseline,464.53003765121775
88,76798,baseline,469.2424231959266
89,76798,condition_b,467.3398637842192
90,76798,condition_b,604.038652254064
91,76798,condition_a,1515.380852139356
92,76798,baseline,358.37419790245553
93,76798,condition_b,502.47688322148537
94,76798,condition_b,754.550098182209
95,76798,condition_a,815.519660244472
96,76798,condition_b,315.4523184604772
97,76798,condition_b,236.27971241864563
98,76798,condition_a,491.53481566397886
99,76798,condition_a,490.0210666072568
100,76798,condition_a,883.7628478373258
101,76798,baseline,560.7977084347756
102,76798,baseline,468.3465481891325
103,76798,condition_a,497.8892298292089
104,76798,condition_b,198.45435887586927
105,76798,condition_b,457.9508233899549
106,76798,condition_a,1241.488279686014
107,76798,condition_b,151.73696516454754
108,76798,condition_a,626.7980084723266
109,76798,condition_b,178.58453423994035
110,76798,condition_a,455.7509539432373
111,76798,condition_a,411.6421289612806
112,76798,condition_b,210.71686554683475
113,76798,condition_b,354.251769858272
114,76798,condition_a,784.5916123132729
115,76798,condition_b,286.3008524259998
116,76798,baseline,363.1768032374123
117,76798,condition_b,257.8132736003193
118,76798,baseline,617.9572113057386
119,76798,condition_b,344.67972054398706
0,91930,baseline,189.16404674061104
1,91930,baseline,357.47823363810943
2,91930,condition_a,560.8406829871334
3,91930,baseline,339.48161586615583
4,91930,condition_a,452.9599030659419
5,91930,condition_a,1183.683074509746
6,91930,condition_a,1394.7175973236465
7,91930,condition_a,199.31350207931743
8,91930,condition_b,420.670662784135
9,91930,condition_b,705.740815787832
10,91930,condition_a,609.0386430387977
11,91930,condition_a,776.3735394540628
12,91930,condition_b,608.1161618104217
13,91930,condition_a,804.9792748057815
14,91930,baseline,483.1193316135936
15,91930,condition_a,639.047499528906
16,91930,baseline,341.84500083566843
17,91930,condition_a,351.6934865367576
18,91930,condition_a,475.4270778699952
19,91930,condition_a,536.431855727115
20,91930,condition_b,216.08156329704525
21,91930,condition_a,241.00776026540217
22,91930,baseline,902.4837498319456
23,91930,baseline,314.8494000674295
24,91930,condition_b,285.3396083342613
25,91930,condition_b,514.6410954451145
26,91930,baseline,1137.4593876979252
27,91930,condition_a,422.6081368118494
28,91930,condition_a,1129.540262892668
29,91930,baseline,402.4554911110238
30,91930,baseline,387.6686075783618
31,91930,condition_a,793.5915452598404
32,91930,baseline,812.2552752682764
33,91930,baseline,745.0659111126128
34,91930,condition_b,489.05037055605305
35,91930,baseline,304.7138697358687
36,91930,condition_a,1066.4201406549269
37,91930,condition_b,347.83097264024786
38,91930,baseline,572.2775942708244
39,91930,baseline,682.7022569152011
40,91930,condition_b,591.2962392408539
41,91930,baseline,501.9146925058631
42,91930,baseline,166.61873466240047
43,91930,baseline,214.92472791897944
44,91930,condition_b,283.5543540302863
45,91930,baseline,292.1319518956572
46,91930,condition_a,893.7987337692524
47,91930,condition_a,580.9110586235166
48,91930,condition_a,733.1921778349031
49,91930,condition_a,1075.8297049371497
50,91930,baseline,403.49395837090384
51,91930,condition_b,449.5697575464429
52,91930,condition_b,386.5791609263764
53,91930,condition_b,305.4863042601751
54,91930,condition_a,609.6934870072971
55,91930,condition_b,245.2774662191336
56,91930,condition_b,282.5475278347139
57,91930,baseline,444.9025540280455
58,91930,condition_b,197.88489876274747
59,91930,baseline,224.36303455867625
60,91930,condition_a,1156.1008368711432
61,91930,condition_a,378.3463201646012
62,91930,condition_b,413.9735071132068
63,91930,baseline,283.4413866233502
64,91930,condition_a,834.7989302141106
65,91930,baseline,251.39967176775605
66,91930,condition_b,514.08736398206
67,91930,condition_b,324.6741375736957
68,91930,condition_b,935.1844348785014
69,91930,baseline,570.5558304647616
70,91930,condition_a,366.54940032500383
71,91930,baseline,511.5848467282954
72,91930,condition_a,741.1342686716492
73,91930,baseline,210.4319813531672
74,91930,condition_a,1501.8363655015344
75,91930,condition_b,421.3147847911288
76,91930,condition_b,420.990229055385
77,91930,baseline,191.53470065801335
78,91930,condition_a,993.8113985426016
79,91930,condition_b,419.5386887747942
80,91930,baseline,627.8047435656835
81,91930,condition_b,694.6752868640756
82,91930,condition_b,500.939573155565
83,91930,baseline,331.0107615270273
84,91930,condition_a,588.9821514471461
85,91930,condition_b,605.1581397217043
86,91930,condition_a,2182.9214981039445
87,91930,condition_a,272.6896091454551
88,91930,baseline,345.61038911560854
89,91930,condition_b,716.1291792244059
90,91930,baseline,238.06701156481137
91,91930,condition_b,315.9384228010152
92,91930,condition_a,747.4705821906423
93,91930,condition_b,182.08739387857844
94,91930,condition_a,726.2470160412713
95,91930,baseline,406.35422415048856
96,91930,condition_a,825.6851353100466
97,91930,condition_b,455.72802247152185
98,91930,condition_b,396.3393965520767
99,91930,condition_b,129.03392557114066
100,91930,condition_b,277.2964779212328
101,91930,condition_b,785.835232423374
102,91930,condition_b,403.4553719544406
103,91930,condition_b,596.0411388909857
104,91930,condition_b,373.49911185198295
105,91930,condition_b,258.1826457557078
106,91930,condition_a,501.5055874494793
107,91930,condition_a,622.778149988731
108,91930,baseline,386.85629271927047
109,91930,condition_b,263.4020778868696
110,91930,baseline,671.6746559137525
111,91930,condition_a,578.3683853167033
112,91930,baseline,194.6306012170101
113,91930,condition_a,799.4275751306565
114,91930,baseline,256.4382529430519
115,91930,condition_b,520.5436660263351
116,91930,baseline,322.16977907684225
117,91930,condition_a,503.6596395673305
118,91930,baseline,265.7179025332119
119,91930,baseline,620.0419371658325
0,18045,baseline,410.3195539887912
1,18045,baseline,314.413229331718
2,18045,condition_b,593.3114210166315
3,18045,condition_a,609.7124956835017
4,18045,condition_b,271.50032072429536
5,18045,condition_a,893.9953570257958
6,18045,baseline,254.4895995893281
7,18045,condition_b,276.2568040727886
8,18045,condition_b,496.3216304527432
9,18045,baseline,591.9085616278619
10,18045,baseline,453.0004169656827
11,18045,condition_a,771.1463313205209
12,18045,condition_b,166.20133281057616
13,18045,condition_a,378.9491910890283
14,18045,baseline,489.9564743216929
15,18045,condition_a,627.1741533963881
16,18045,baseline,224.6924418771133
17,18045,condition_a,224.24825620861077
18,18045,baseline,311.0710346864843
19,18045,baseline,179.6292254269013
20,18045,baseline,155.16969927123324
21,18045,baseline,360.95164668798594
22,18045,condition_a,348.5229303148454
23,18045,condition_a,838.4169208718697
24,18045,condition_b,519.8546228552727
25,18045,condition_a,308.5241155994668
26,18045,baseline,518.131449090103
27,18045,baseline,327.57188356080565
28,18045,condition_b,506.7126996746259
29,18045,condition_b,178.80982485254324
30,18045,condition_a,732.6740155008551
31,18045,condition_a,1053.7639160467984
32,18045,condition_b,229.16698948948329
33,18045,baseline,370.2827460899762
34,18045,condition_b,454.7375768358952
35,18045,baseline,877.9783895024735
36,18045,condition_a,896.8571516934466
37,18045,condition_b,187.84804543700992
38,18045,baseline,370.9324320291178
39,18045,baseline,175.30197145238728
40,18045,condition_a,724.7112995826385
41,18045,baseline,178.26828093987186
42,18045,condition_b,904.4140450660426
43,18045,baseline,389.92490616022326
44,18045,baseline,268.0241874178809
45,18045,condition_b,646.3878331707721
46,18045,condition_a,372.7560146052363
47,18045,baseline,123.39935495705544
48,18045,condition_a,1135.668035338413
49,18045,condition_b,233.5492117950196
50,18045,condition_a,319.0459183198921
51,18045,condition_a,1397.7036856144578
52,18045,baseline,287.2753773572392
53,18045,baseline,354.9945659614655
54,18045,condition_b,686.7516974959381
55,18045,condition_a,429.7063461856177
56,18045,condition_b,367.5381733624018
57,18045,condition_a,221.86048499453457
58,18045,condition_a,513.2541281288038
59,18045,condition_a,609.0451374900465
60,18045,baseline,248.0490689536025
61,18045,condition_b,224.83382170340005
62,18045,condition_a,371.1441368500722
63,18045,baseline,193.244325575162
64,18045,baseline,847.3425110519437
65,18045,condition_b,361.0998226078987
66,18045,baseline,524.331942332983
67,18045,condition_b,357.295601596113
68,18045,baseline,581.3466202233516
69,18045,condition_a,1199.323685055807
70,18045,condition_b,500.0226789120153
71,18045,condition_b,458.7365630100954
72,18045,condition_b,183.71812268222888
73,18045,condition_b,205.0745025168469
74,18045,baseline,469.0701964589185
75,18045,condition_b,259.7855597341458
76,18045,condition_a,808.587284936477
77,18045,condition_b,374.4526983664234
78,18045,condition_a,965.7275648290693
79,18045,condition_b,814.8845788275689
80,18045,baseline,308.266073594851
81,18045,baseline,199.1635420872717
82,18045,baseline,223.5590654033232
83,18045,condition_b,353.866022313898
84,18045,baseline,488.22167281463646
85,18045,condition_a,465.1369637555181
86,18045,condition_b,327.1384360682022
87,18045,baseline,248.41964526153643
88,18045,condition_a,248.933308533138
89,18045,condition_b,619.938166963019
90,18045,baseline,368.92706596578586
91,18045,baseline,331.595534162164
92,18045,condition_a,1127.0148170674477
93,18045,condition_a,537.1915393354082
94,18045,condition_b,1523.507841343753
95,18045,condition_a,580.1876424267622
96,18045,condition_b,195.09423437744437
97,18045,condition_b,436.1909458977078
98,18045,baseline,793.3656853463866
99,18045,baseline,277.50832186401084
100,18045,condition_b,1260.430076710227
101,18045,baseline,448.1795035334448
102,18045,condition_b,143.0125640752475
103,18045,condition_b,735.7016391423531
104,18045,condition_a,145.84257624218696
105,18045,condition_a,604.0888736142585
106,18045,condition_a,1130.7674706058535
107,18045,condition_b,486.3352534899336
108,18045,condition_a,567.7341345468614
109,18045,condition_b,284.9302313297768
110,18045,condition_a,353.0720604098832
111,18045,condition_b,382.4281907171932
112,18045,condition_a,280.50810813743595
113,18045,condition_a,922.9960578174324
114,18045,condition_a,204.37232613268927
115,18045,condition_b,444.1899010154759
116,18045,baseline,218.56447795520563
117,18045,condition_b,670.7925520129926
118,18045,condition_a,510.9822144056604
119,18045,condition_a,320.9817870935428
0,83630,condition_a,274.1429761379908
1,83630,condition_a,795.318072003671
2,83630,baseline,391.66702122115936
3,83630,condition_b,287.57740915859875
4,83630,condition_a,555.140386618004
5,83630,baseline,169.32522041102237
6,83630,condition_b,191.28991585645352
7,83630,condition_a,284.7619520431253
8,83630,condition_b,140.04357802075666
9,83630,baseline,200.09823929314817
10,83630,condition_a,703.8706945961059
11,83630,condition_a,492.963912014456
12,83630,baseline,157.72052900709173
13,83630,baseline,339.0604868699953
14,83630,condition_b,585.3121157524021
15,83630,condition_b,204.57132203981408
16,83630,condition_a,533.7914480672655
17,83630,condition_a,261.90755230317933
18,83630,condition_a,297.61560856019906
19,83630,baseline,598.9328464117172
20,83630,condition_b,229.662152154758
21,83630,condition_a,297.55852433445153
22,83630,condition_a,315.0531452471644
23,83630,condition_b,205.30532131175707
24,83630,baseline,367.0954978481697
25,83630,baseline,130.31219782542925
26,83630,baseline,511.5230137513728
27,83630,condition_b,185.3848240136735
28,83630,condition_b,219.5407725197075
29,83630,condition_b,197.2468391666776
30,83630,baseline,675.0095958797331
31,83630,condition_a,907.3779809773642
32,83630,condition_b,296.3976124723052
33,83630,condition_a,748.6805131906922
34,83630,baseline,328.2124863519978
35,83630,condition_b,434.7096338829832
36,83630,condition_b,87.89784265994678
37,83630,baseline,207.4316636589133
38,83630,condition_b,130.04286688785837
39,83630,condition_a,640.6870459509513
40,83630,condition_a,764.8483463127933
41,83630,condition_a,316.9891405451478
42,83630,condition_b,362.3618246927893
43,83630,condition_b,186.18470138997108
44,83630,baseline,849.974973258217
45,83630,baseline,349.21328002381824
46,83630,baseline,133.2030512008836
47,83630,baseline,572.630773587575
48,83630,condition_a,584.2884448149124
49,83630,condition_b,590.0360544216526
50,83630,condition_a,395.0789596605719
51,83630,condition_b,179.95986256249003
52,83630,condition_b,439.3388142455855
53,83630,condition_b,127.03989851369366
54,83630,condition_a,785.8529171522712
55,83630,baseline,346.50298433031526
56,83630,condition_a,416.65032780883615
57,83630,condition_b,362.2935201536585
58,83630,baseline,211.7873886963086
59,83630,condition_b,596.9886256098085
60,83630,baseline,604.0363137430903
61,83630,condition_b,248.683816901961
62,83630,condition_b,185.3144642129405
63,83630,condition_b,221.58111606962152
64,83630,condition_b,469.1397120292369
65,83630,condition_a,703.042223071382
66,83630,condition_a,709.4509252262935
67,83630,baseline,520.8193410578347
68,83630,condition_b,156.19590672739548
69,83630,condition_a,439.6738048821562
70,83630,baseline,293.933857815073
71,83630,baseline,244.904458441544
72,83630,condition_a,687.0224208244365
73,83630,condition_b,627.4243036661707
74,83630,condition_a,360.83538978014303
75,83630,condition_a,503.6248457285636
76,83630,condition_a,432.41512401294256
77,83630,baseline,137.47332964633534
78,83630,condition_b,209.6635424006615
79,83630,baseline,467.3394388488183
80,83630,baseline,480.3327912011215
81,83630,condition_a,1255.0636221839964
82,83630,condition_a,361.97881402596863
83,83630,baseline,461.5805159536592
84,83630,condition_b,391.37857680453214
85,83630,baseline,192.79252306826157
86,83630,baseline,301.9606266921556
87,83630,condition_a,529.2082844544257
88,83630,baseline,212.63308630979665
89,83630,condition_b,279.54650788093227
90,83630,baseline,260.2832333787576
91,83630,condition_a,1392.2536589586143
92,83630,condition_a,323.61019152345347
93,83630,condition_a,356.61393547837406
94,83630,condition_a,331.71983548118254
95,83630,condition_b,163.21984383445974
96,83630,condition_b,136.28618384146088
97,83630,baseline,187.8542394177832
98,83630,baseline,275.7837803796768
99,83630,condition_b,379.241758429144
100,83630,baseline,285.77089358315527
101,83630,condition_a,540.9684036058692
102,83630,baseline,379.61725823875713
103,83630,condition_a,417.0756875466911
104,83630,condition_b,175.4246917161689
105,83630,condition_b,800.0636163849337
106,83630,baseline,412.21480751184606
107,83630,baseline,514.926626960499
108,83630,condition_a,792.2454983341463
109,83630,baseline,976.3246650686966
110,83630,condition_b,257.0839243691089
111,83630,condition_b,130.17418015815156
112,83630,baseline,379.5393293115484
113,83630,condition_a,364.2968507633455
114,83630,baseline,239.9681223583634
115,83630,baseline,375.9031924555835
116,83630,condition_b,382.9598206833242
117,83630,condition_a,419.6282638809436
118,83630,condition_b,318.6821338106682
119,83630,condition_a,999.8260624888084
0,91033,condition_b,310.57322485163604
1,91033,condition_a,416.4673707364673
2,91033,condition_b,511.31141992283824
3,91033,condition_b,164.29903944083588
4,91033,condition_a,459.28185216761153
5,91033,condition_a,364.7869381768768
6,91033,condition_b,319.4317729135567
7,91033,baseline,227.70379580566023
8,91033,condition_a,268.27094100019707
9,91033,condition_b,474.2083692071884
10,91033,condition_a,597.6801266037227
11,91033,condition_b,192.1483946188747
12,91033,baseline,193.57348721238992
13,91033,condition_b,597.6734765595722
14,91033,baseline,526.5897793585762
15,91033,baseline,301.1843132525859
16,91033,condition_a,937.046578418944
17,91033,condition_a,425.9287327373447
18,91033,baseline,299.41783680530347
19,91033,baseline,772.6040825809655
20,91033,condition_b,562.3680268205421
21,91033,baseline,756.3888429500457
22,91033,condition_a,652.4462749533799
23,91033,condition_a,270.538295492597
24,91033,baseline,487.3822105355413
25,91033,condition_a,358.8025260123244
26,91033,condition_a,367.4161810328415
27,91033,condition_a,404.9351079902885
28,91033,condition_a,1098.5624499267583
29,91033,baseline,326.52570796795266
30,91033,baseline,391.2235673882601
31,91033,condition_b,385.89874509470206
32,91033,baseline,598.3571612755023
33,91033,condition_a,727.6688037292499
34,91033,condition_b,218.6123351388895
35,91033,condition_a,461.1761973812107
36,91033,condition_b,372.8654878129033
37,91033,baseline,263.4973827994475
38,91033,condition_b,649.9292104289569
39,91033,condition_a,269.13109705569724
40,91033,condition_a,287.8587653341329
41,91033,condition_a,443.7615136165911
42,91033,condition_b,185.59811494458435
43,91033,baseline,220.46484510861384
44,91033,baseline,304.39716551543904
45,91033,baseline,213.12965261495197
46,91033,baseline,187.7506407290641
47,91033,condition_a,421.9222502309457
48,91033,condition_b,692.9175428078064
49,91033,condition_b,456.5360976192211
50,91033,condition_a,776.494774717818
51,91033,condition_a,559.4382666021945
52,91033,condition_b,312.56321593012063
53,91033,baseline,423.6084358289704
54,91033,baseline,711.8724901401223
55,91033,baseline,257.01431587198056
56,91033,condition_a,646.1610938093887
57,91033,baseline,392.9178564088307
58,91033,baseline,144.75764041867373
59,91033,baseline,222.56762367432785
60,91033,condition_a,679.9544557334891
61,91033,baseline,330.7813246332491
62,91033,condition_a,488.4863876052015
63,91033,condition_b,139.18394415432223
64,91033,condition_b,572.4636764392608
65,91033,condition_b,1097.243985977815
66,91033,condition_b,195.0614435904876
67,91033,baseline,222.0483473693797
68,91033,condition_b,203.4600928509373
69,91033,condition_a,470.17692328539954
70,91033,baseline,445.5810165073595
71,91033,baseline,265.99313070940934
72,91033,condition_b,368.60655675165367
73,91033,condition_a,938.4206396933016
74,91033,condition_b,150.68614829686132
75,91033,condition_b,482.60443119386616
76,91033,condition_a,287.2994162250353
77,91033,baseline,251.5653466672716
78,91033,baseline,290.64251536223753
79,91033,baseline,201.6018677507371
80,91033,baseline,431.245563625995
81,91033,baseline,415.74856448826193
82,91033,condition_a,186.47041145255227
83,91033,condition_a,520.8457501920997
84,91033,baseline,312.71172454780253
85,91033,condition_b,1128.5372652774906
86,91033,condition_b,106.77589557986968
87,91033,baseline,434.2521268707269
88,91033,condition_b,530.0603950341383
89,91033,condition_b,272.15474235660963
90,91033,condition_a,372.5862426745452
91,91033,condition_b,233.79999960250723
92,91033,condition_b,173.17635710105674
93,91033,baseline,217.8786165271542
94,91033,condition_a,668.1389969801456
95,91033,baseline,527.1406857137661
96,91033,baseline,330.7722217200408
97,91033,condition_b,380.9099158240557
98,91033,baseline,488.6902631873931
99,91033,condition_b,396.0309493825937
100,91033,baseline,111.799327558213
101,91033,condition_b,882.4749806978762
102,91033,condition_a,349.6596371530686
103,91033,condition_a,598.0430225179872
104,91033,condition_b,239.38389396761872
105,91033,condition_b,897.9705129051177
106,91033,condition_a,800.9793046487591
107,91033,condition_a,574.6720901423809
108,91033,condition_b,356.677764336669
109,91033,condition_b,331.36618616280487
110,91033,condition_a,707.3520207810299
111,91033,baseline,220.2695568801924
112,91033,condition_a,548.905473519447
113,91033,condition_b,242.72917985101307
114,91033,condition_a,501.9343609124706
115,91033,condition_b,261.2901185865577
116,91033,baseline,258.3365929267565
117,91033,condition_b,220.81731412652687
118,91033,condition_a,563.3828334547286
119,91033,condition_a,176.31338314910678
0,39833,baseline,281.8200003470627
1,39833,condition_b,1433.9649451411528
2,39833,baseline,187.91715033816445
3,39833,condition_a,1223.815448307602
4,39833,condition_b,338.99479361709376
5,39833,baseline,339.9689125265109
6,39833,baseline,737.1297315660415
7,39833,condition_b,411.9947309870933
8,39833,baseline,239.1625824145435
9,39833,condition_b,768.6082578914582
10,39833,condition_b,612.5608666559525
11,39833,baseline,232.98951702671783
12,39833,condition_b,502.4414456829056
13,39833,condition_b,624.8332125901208
14,39833,condition_b,319.292897200206
15,39833,condition_b,113.96943737639162
16,39833,condition_a,475.58644347669366
17,39833,condition_b,691.9965944480458
18,39833,baseline,375.2876768399898
19,39833,condition_b,173.51156999634148
20,39833,baseline,394.6279437962701
21,39833,condition_a,1309.640857728479
22,39833,condition_a,292.89876889785626
23,39833,baseline,387.9300268811219
24,39833,condition_a,540.7539598246302
25,39833,condition_a,382.3645124464736
26,39833,condition_b,337.75330007163006
27,39833,condition_a,508.0663520410759
28,39833,baseline,846.356721753271
29,39833,baseline,246.8161167801433
30,39833,condition_a,402.4090653555908
31,39833,condition_a,561.0861688233695
32,39833,baseline,373.6461473853048
33,39833,condition_a,359.431977778107
34,39833,condition_a,835.3416106372074
35,39833,condition_b,336.9153247133552
36,39833,condition_b,239.84917892389484
37,39833,baseline,902.0725283271224
38,39833,condition_a,726.651872742932
39,39833,baseline,342.0018697284678
40,39833,condition_a,1749.8360358556108
41,39833,condition_a,559.0039362685353
42,39833,condition_b,388.2339553664688
43,39833,condition_a,421.9378957706085
44,39833,condition_a,2177.942906900333
45,39833,condition_a,376.1370842712026
46,39833,condition_b,473.371096756204
47,39833,condition_a,279.65491852433746
48,39833,condition_b,275.002076960375
49,39833,condition_a,1162.9531196709297
50,39833,condition_b,409.8208466704872
51,39833,condition_b,269.038988901916
52,39833,condition_a,308.60088949382015
53,39833,condition_a,506.316115305029
54,39833,condition_b,225.4039029705328
55,39833,condition_a,148.856728032582
56,39833,condition_b,400.3111092359297
57,39833,condition_b,195.78947082840617
58,39833,condition_b,346.3377990446965
59,39833,condition_a,668.7755172753018
60,39833,baseline,419.67067175375
61,39833,condition_b,441.807218183122
62,39833,baseline,439.4115758655836
63,39833,condition_a,522.347250922897
64,39833,baseline,383.20733297410254
65,39833,condition_b,233.6935292106465
66,39833,condition_a,344.0193050389349
67,39833,baseline,488.8269861295998
68,39833,condition_b,367.7304663424279
69,39833,baseline,450.3664494533277
70,39833,condition_b,303.420827771488
71,39833,baseline,328.5755516338594
72,39833,condition_a,828.6837711641216
73,39833,baseline,585.3202055519549
74,39833,condition_a,342.70952852130233
75,39833,condition_a,457.3662190802239
76,39833,condition_a,285.0239131882147
77,39833,baseline,230.9598543939086
78,39833,condition_a,277.4453046707821
79,39833,baseline,159.44814400264252
80,39833,condition_a,637.7895931061263
81,39833,condition_b,184.65281921783605
82,39833,baseline,175.63949306107216
83,39833,baseline,380.7259186823805
84,39833,condition_a,534.8255643890851
85,39833,baseline,607.6992629629392
86,39833,condition_b,333.87365635696386
87,39833,baseline,197.46951307184617
88,39833,condition_b,326.66737561295946
89,39833,condition_a,1258.837900517915
90,39833,condition_b,357.91755143870705
91,39833,condition_b,362.41640862704367
92,39833,baseline,348.6726592738423
93,39833,condition_b,272.430148743827
94,39833,condition_a,441.2026145644333
95,39833,condition_b,310.3988277646878
96,39833,condition_a,567.1945813024327
97,39833,baseline,454.2637591462975
98,39833,condition_a,1512.3641795435356
99,39833,baseline,313.99033788706373
100,39833,condition_a,339.3576613797784
101,39833,condition_a,940.068418204202
102,39833,condition_b,511.3903560421025
103,39833,baseline,397.89043555247736
104,39833,baseline,480.3968622186368
105,39833,baseline,204.6149527822549
106,39833,condition_b,927.2094802753156
107,39833,baseline,468.97043215258685
108,39833,baseline,529.0672839037887
109,39833,baseline,398.4474405979469
110,39833,baseline,1351.4746784721583
111,39833,condition_b,192.7494703975544
112,39833,baseline,297.89919479634585
113,39833,baseline,337.6387749411071
114,39833,condition_b,296.6649125679642
115,39833,condition_a,1095.1888979384216
116,39833,baseline,598.7864820110309
117,39833,condition_b,601.9399865254461
118,39833,condition_b,102.24131186347044
119,39833,condition_a,701.3153730227954
0,52826,baseline,435.6870076572391
1,52826,baseline,408.001308464129
2,52826,condition_a,323.59624424321873
3,52826,condition_a,704.7630585155412
4,52826,condition_b,137.42775623614278
5,52826,condition_a,588.5112856933702
6,52826,condition_a,481.6292476974925
7,52826,condition_b,167.11317336672488
8,52826,baseline,77.8851559730786
9,52826,baseline,233.7344086773962
10,52826,condition_b,142.6361011941199
11,52826,condition_a,233.72724489900477
12,52826,baseline,910.3182410195576
13,52826,condition_b,163.3211518713376
14,52826,condition_b,455.899285269323
15,52826,baseline,175.14191865140296
16,52826,baseline,302.6863396096969
17,52826,baseline,344.4023447559661
18,52826,condition_b,638.4018302010688
19,52826,baseline,170.80067152105636
20,52826,condition_b,304.7242512652916
21,52826,baseline,267.2286731613252
22,52826,condition_b,957.098095436262
23,52826,baseline,125.98643081999676
24,52826,condition_b,412.46054429036633
25,52826,condition_b,647.9846868411909
26,52826,baseline,221.56455287726823
27,52826,baseline,210.52578970257017
28,52826,condition_a,483.5760009158369
29,52826,baseline,298.1707198777678
30,52826,condition_a,300.036453121443
31,52826,baseline,122.82795535139824
32,52826,condition_a,289.9383549202358
33,52826,baseline,182.98219619401848
34,52826,condition_b,211.59817503826645
35,52826,condition_a,143.91223539369696
36,52826,condition_b,359.3861288515532
37,52826,condition_a,379.051458804941
38,52826,condition_b,475.32358174437167
39,52826,baseline,185.67126745749653
40,52826,condition_b,153.8606616839044
41,52826,baseline,317.1135969955707
42,52826,condition_a,1132.4481003437256
43,52826,condition_b,113.9477708191356
44,52826,baseline,220.23205509418432
45,52826,condition_b,320.0881038572118
46,52826,condition_a,286.28228426538413
47,52826,condition_b,230.5809839696704
48,52826,condition_b,119.7328259245394
49,52826,condition_b,235.77167541758064
50,52826,condition_b,256.9867176163978
51,52826,condition_b,421.0510856725243
52,52826,condition_b,380.6379588148207
53,52826,condition_b,299.65564447082426
54,52826,baseline,287.3100881990475
55,52826,condition_a,920.2068453253088
56,52826,baseline,629.8366068232169
57,52826,condition_b,469.5417468351741
58,52826,condition_a,711.5385500858592
59,52826,baseline,541.5973230630962
60,52826,condition_b,300.01404162016803
61,52826,condition_a,618.0196753268498
62,52826,baseline,605.8924841803156
63,52826,condition_a,336.0916734256545
64,52826,condition_a,225.5048552742013
65,52826,condition_a,436.9220020249923
66,52826,condition_a,298.0669099013649
67,52826,baseline,472.33421992871854
68,52826,condition_a,301.7299764444386
69,52826,baseline,359.7827237594074
70,52826,condition_b,398.6067252955414
71,52826,condition_b,159.88105416464006
72,52826,condition_b,188.4650919529785
73,52826,condition_a,215.3073483926759
74,52826,condition_a,176.30987818216911
75,52826,baseline,344.333556940663
76,52826,condition_a,190.966570978136
77,52826,condition_b,258.3392689650563
78,52826,condition_a,267.4421805406717
79,52826,condition_b,287.3589137386211
80,52826,condition_a,483.8656215968743
81,52826,condition_b,451.5662829126786
82,52826,condition_a,394.3648446485175
83,52826,baseline,394.4506593622353
84,52826,condition_a,418.42533142145095
85,52826,condition_a,954.8918053736736
86,52826,condition_a,483.6364642529048
87,52826,condition_a,921.5457416188935
88,52826,condition_a,1301.5159410351114
89,52826,condition_b,214.50534262941736
90,52826,condition_b,226.32637681525867
91,52826,condition_a,563.6445274552868
92,52826,baseline,394.0507092384626
93,52826,baseline,286.08484154604673
94,52826,condition_a,222.9525527004838
95,52826,condition_a,370.9462655701991
96,52826,condition_a,342.10560878026104
97,52826,baseline,182.8860604440837
98,52826,baseline,233.27872131970904
99,52826,condition_a,458.9420460721036
100,52826,baseline,275.44789684931897
101,52826,baseline,314.3494713731378
102,52826,condition_b,76.62606427271574
103,52826,condition_a,204.23813102258237
104,52826,baseline,276.55771771749386
105,52826,condition_b,949.4991178323198
106,52826,condition_a,202.7496249837774
107,52826,condition_b,219.54581543785903
108,52826,baseline,264.31902605684184
109,52826,baseline,415.7931221849813
110,52826,condition_b,648.1610425122615
111,52826,baseline,362.2596666932534
112,52826,baseline,521.7261722905819
113,52826,condition_b,592.7259090899998
114,52826,baseline,854.7445511916816
115,52826,condition_a,716.0831758747908
116,52826,baseline,582.4989982645436
117,52826,condition_b,370.97084398028704
118,52826,condition_a,110.00038076516375
119,52826,condition_b,273.71348399723786
0,54916,condition_a,496.4867021796608
1,54916,baseline,177.46193328362628
2,54916,baseline,402.9457322117672
3,54916,baseline,172.04476612945027
4,54916,condition_a,418.7269560181633
5,54916,condition_a,534.7254202901112
6,54916,condition_a,823.4476232873947
7,54916,condition_b,397.9808241314798
8,54916,baseline,178.12464297483888
9,54916,condition_a,161.67984916028186
10,54916,baseline,230.3637728165324
11,54916,condition_b,384.62850748488734
12,54916,baseline,125.63641646932491
13,54916,baseline,242.18719842526644
14,54916,condition_b,113.66669133448184
15,54916,condition_b,186.1182293507708
16,54916,condition_b,301.0938227925475
17,54916,baseline,315.1201222682353
18,54916,condition_b,333.1345331041725
19,54916,condition_a,222.79733879793284
20,54916,condition_b,812.3299283836593
21,54916,condition_a,427.7785036367874
22,54916,baseline,635.9614056486851
23,54916,baseline,263.34197054253906
24,54916,condition_b,249.12092498584045
25,54916,baseline,454.83280216035314
26,54916,condition_b,113.5306739065183
27,54916,baseline,283.1385814071297
28,54916,baseline,340.43076139208586
29,54916,condition_b,619.7216973248891
30,54916,condition_a,487.1088582706653
31,54916,baseline,405.5710138420122
32,54916,condition_b,290.62076686431806
33,54916,baseline,316.93415604408153
34,54916,baseline,962.367280010911
35,54916,baseline,579.2787615532627
36,54916,condition_b,258.5648735273913
37,54916,condition_a,895.5494591021401
38,54916,condition_b,279.08126861040296
39,54916,condition_a,873.2488976687054
40,54916,condition_b,427.41242398157897
41,54916,baseline,394.7847139308618
42,54916,condition_b,219.34789266008383
43,54916,condition_a,381.5831709861292
44,54916,condition_b,635.3164602503126
45,54916,condition_a,389.4379415664257
46,54916,condition_b,613.6086984687662
47,54916,condition_a,534.2749776986835
48,54916,baseline,523.1863309678205
49,54916,baseline,302.9449732373986
50,54916,condition_a,623.6396222813535
51,54916,condition_a,877.1518662513781
52,54916,condition_b,346.4454686251104
53,54916,condition_a,980.4745992574796
54,54916,condition_a,352.06248472630944
55,54916,baseline,320.0360591308694
56,54916,condition_b,431.31181982377984
57,54916,condition_b,331.43079110785175
58,54916,condition_b,392.64245233558165
59,54916,condition_b,467.51107054003376
60,54916,baseline,279.2996737178683
61,54916,baseline,409.44426471145954
62,54916,condition_a,420.94985230137695
63,54916,condition_a,424.3744249614296
64,54916,condition_a,910.1329450741714
65,54916,condition_b,147.50633676700545
66,54916,condition_b,114.64617609923454
67,54916,baseline,293.35838116860293
68,54916,condition_b,165.73610609087115
69,54916,condition_b,531.1982708512675
70,54916,condition_a,322.09978378615455
71,54916,condition_a,304.95339214523096
72,54916,baseline,445.4281508122653
73,54916,baseline,263.1068261901186
74,54916,baseline,333.39723328288966
75,54916,condition_b,354.06853031166975
76,54916,condition_b,235.3080405579372
77,54916,baseline,935.9334972562968
78,54916,condition_b,367.2616535643359
79,54916,baseline,420.0956810927288
80,54916,condition_a,542.1218054384215
81,54916,condition_b,177.82740660167613
82,54916,condition_b,279.38435049468154
83,54916,condition_a,946.154761581984
84,54916,condition_b,631.9371949838818
85,54916,condition_b,379.9003625425527
86,54916,condition_a,363.2566000435111
87,54916,condition_a,818.2229544074272
88,54916,condition_a,365.4757754555615
89,54916,condition_b,76.82647417875835
90,54916,condition_a,425.0175222041232
91,54916,condition_a,561.1215091018323
92,54916,condition_b,650.1095260055984
93,54916,condition_a,399.30763463610697
94,54916,condition_a,430.4420149935798
95,54916,baseline,271.4346339018867
96,54916,condition_a,268.29911129389507
97,54916,baseline,241.41884902988943
98,54916,baseline,407.766640867856
99,54916,condition_a,857.786574308639
100,54916,baseline,350.4448617890318
101,54916,baseline,259.2721854007471
102,54916,condition_a,464.4636039542716
103,54916,baseline,224.27022621338776
104,54916,baseline,146.30331549384022
105,54916,condition_a,460.9196605296698
106,54916,baseline,179.02548199273153
107,54916,condition_a,282.6723584048134
108,54916,baseline,356.22216534734605
109,54916,condition_b,346.1100454045059
110,54916,baseline,423.5224736382666
111,54916,baseline,320.521325560075
112,54916,condition_b,367.25225103664775
113,54916,condition_b,367.66088372213625
114,54916,condition_a,451.0052492905869
115,54916,condition_b,447.3240801287086
116,54916,condition_a,407.2882240223855
117,54916,condition_a,604.7399788699482
118,54916,condition_b,821.9351947417158
119,54916,condition_a,450.61797924911775
0,29185,condition_a,549.150967963542
1,29185,condition_a,333.7803967270106
2,29185,baseline,412.92044013380297
3,29185,baseline,565.8023344568103
4,29185,baseline,550.9727072760206
5,29185,baseline,702.2570598526922
6,29185,condition_b,311.5050030436819
7,29185,baseline,361.1488397475841
8,29185,condition_a,762.4265318249081
9,29185,condition_a,1904.35980627629
10,29185,condition_b,523.594650171869
11,29185,condition_b,279.1145055091477
12,29185,condition_a,2184.8762246233505
13,29185,condition_a,1334.2292279370151
14,29185,baseline,384.8296363192418
15,29185,condition_a,1051.3336550864665
16,29185,condition_b,1112.5355889253713
17,29185,baseline,573.7708613829643
18,29185,condition_b,471.1929240647298
19,29185,condition_a,532.5063455170088
20,29185,condition_b,204.90507537554143
21,29185,condition_b,1085.697413628386
22,29185,condition_b,613.390311664337
23,29185,baseline,927.7929833486064
24,29185,condition_a,797.3226930318626
25,29185,baseline,1088.3071915076491
26,29185,baseline,1600.310319647863
27,29185,condition_a,637.0155428410568
28,29185,baseline,908.6042702044236
29,29185,baseline,681.138745607511
30,29185,condition_a,1195.621036918956
31,29185,condition_b,701.934707260006
32,29185,baseline,725.5553059179391
33,29185,baseline,379.4065530531481
34,29185,condition_a,760.8508317891425
35,29185,condition_a,423.9293290179384
36,29185,baseline,1171.3168118796043
37,29185,condition_a,960.0754830634196
38,29185,condition_a,696.5181304650407
39,29185,condition_b,545.6747890059986
40,29185,baseline,1714.1435737284037
41,29185,condition_a,2197.001484682665
42,29185,condition_b,327.86249119561376
43,29185,condition_b,315.5066794740829
44,29185,condition_a,1991.7370868620496
45,29185,condition_b,493.1015246856722
46,29185,baseline,496.7300317676886
47,29185,condition_a,1014.8704724633978
48,29185,condition_a,498.5136344436937
49,29185,baseline,323.2276149937044
50,29185,condition_b,257.5344869373791
51,29185,condition_b,675.8175084420477
52,29185,baseline,274.88813305768406
53,29185,condition_b,260.9576266484296
54,29185,condition_a,750.52545086187
55,29185,baseline,223.7409852274324
56,29185,condition_a,577.6131439165872
57,29185,baseline,826.9216566763636
58,29185,condition_a,2072.621090443726
59,29185,condition_b,1990.5374726274724
60,29185,baseline,362.9041176210538
61,29185,condition_b,658.0116903736338
62,29185,condition_b,325.26755939183306
63,29185,condition_a,664.4513597739199
64,29185,condition_b,579.9305603120007
65,29185,condition_b,941.4556087122294
66,29185,condition_a,605.4485791489262
67,29185,baseline,250.67314645605632
68,29185,condition_b,611.545113744912
69,29185,baseline,2118.295684143144
70,29185,condition_b,932.1890878409944
71,29185,baseline,385.0499631696995
72,29185,condition_a,1381.4461677363795
73,29185,condition_a,567.6571471017332
74,29185,condition_b,354.05824745894324
75,29185,condition_b,373.3178046707192
76,29185,condition_a,1026.084700797973
77,29185,condition_a,512.0673035734015
78,29185,condition_b,407.7080418063802
79,29185,condition_b,822.2035054459825
80,29185,condition_b,412.3381399229406
81,29185,condition_a,903.7087138377432
82,29185,condition_b,624.4947457303048
83,29185,baseline,516.332169975298
84,29185,condition_b,250.47387711102004
85,29185,baseline,828.2767962506224
86,29185,condition_b,437.6148670140766
87,29185,condition_b,834.968943328739
88,29185,condition_b,624.4157702221567
89,29185,condition_a,501.7436517500696
90,29185,baseline,863.1882693154078
91,29185,baseline,1100.5723962642182
92,29185,baseline,652.2470858316132
93,29185,baseline,639.9143276709685
94,29185,condition_b,641.1851700121161
95,29185,condition_b,1012.6436080334104
96,29185,condition_b,129.9445293189854
97,29185,baseline,440.1937344712166
98,29185,baseline,570.0658880383432
99,29185,condition_a,1187.8872570849544
100,29185,condition_a,547.6158173890283
101,29185,baseline,720.1301029993308
102,29185,baseline,493.5760042012762
103,29185,condition_a,422.0088788799488
104,29185,condition_b,267.1314545958842
105,29185,baseline,405.6070909660703
106,29185,baseline,619.9737915710017
107,29185,condition_b,1031.5723015091178
108,29185,condition_a,1323.7241343874375
109,29185,condition_a,768.1186281050076
110,29185,baseline,882.2622384386963
111,29185,baseline,1149.442658275873
112,29185,condition_b,386.7903022116675
113,29185,condition_a,713.3381663088834
114,29185,condition_a,485.5373084649171
115,29185,condition_b,331.58298399382454
116,29185,condition_a,323.6260761576788
117,29185,condition_a,958.439887021702
118,29185,condition_a,684.9292345740291
119,29185,baseline,420.86966525096136
